arm,seed,phase_step,text_val_loss,text_tokens,warmup_tokens,training_flops_est
gol_reset,0,2048,3.9399824738502502,268435456,23068672,243730510981890048
gol_reset,1,2048,3.945551872253418,268435456,23068672,243730510981890048
gol_reset,2,2048,3.906418815255165,268435456,23068672,243730510981890048
scratch,0,2048,3.708239108324051,268435456,0,229361561527910400
scratch,1,2048,3.711822919547558,268435456,0,229361561527910400
scratch,2,2048,3.713553659617901,268435456,0,229361561527910400
text_continue,0,2048,3.6948662772774696,268435456,16777216,243696659123404800
text_continue,1,2048,3.6817361265420914,268435456,16777216,243696659123404800
text_continue,2,2048,3.689912512898445,268435456,16777216,243696659123404800
text_reset,0,2048,3.735295869410038,268435456,16777216,243696659123404800
text_reset,1,2048,3.736977532505989,268435456,16777216,243696659123404800
text_reset,2,2048,3.7287027165293694,268435456,16777216,243696659123404800
