kind,name,checkpoint,seed,source_updates,group,tokens,nll_sum,loss
baseline,unigram,,,,all,4194304,2768044.568749736,0.6599532529711094
baseline,unigram,,,,initial_cells,1179648,832912.3787067822,0.7060685719017726
baseline,unigram,,,,evolved_cells,2977792,1735405.0271570133,0.5827824868751791
baseline,unigram,,,,delimiters,36864,199727.16288594506,5.417946041827936
baseline,unigram,,,,evolved_alive,764242,929085.5589530494,1.2156954982231405
baseline,unigram,,,,evolved_dead,2213550,806319.4682039642,0.3642653060486387
baseline,unigram,,,,frame_0_cells,1179648,832912.3787067822,0.7060685719017726
baseline,unigram,,,,frame_1_cells,618496,380321.6384002232,0.6149136589407582
baseline,unigram,,,,frame_2_cells,589824,345202.12514578755,0.5852629346140332
baseline,unigram,,,,frame_3_cells,589824,342303.8567716257,0.5803491495287165
baseline,unigram,,,,frame_4_cells,589824,335690.79846900626,0.5691372315623071
baseline,unigram,,,,frame_5_cells,589824,331886.60837037046,0.56268752775467
baseline,position_only,,,,all,4194304,2489105.5814885967,0.5934490159722797
baseline,position_only,,,,initial_cells,1179648,795187.0072562303,0.6740883782757486
baseline,position_only,,,,evolved_cells,2977792,1693900.5808213954,0.5688444931081135
baseline,position_only,,,,delimiters,36864,17.99341097346607,0.00048810251121598493
baseline,position_only,,,,evolved_alive,764242,1028371.6122092422,1.3456099144109355
baseline,position_only,,,,evolved_dead,2213550,665528.9686121532,0.3006613668596387
baseline,position_only,,,,frame_0_cells,1179648,795187.0072562303,0.6740883782757486
baseline,position_only,,,,frame_1_cells,618496,375164.1594140727,0.606574916271201
baseline,position_only,,,,frame_2_cells,589824,338026.49816494074,0.5730972258927083
baseline,position_only,,,,frame_3_cells,589824,334419.2801520836,0.5669814726970819
baseline,position_only,,,,frame_4_cells,589824,325750.97553491965,0.5522850469545486
baseline,position_only,,,,frame_5_cells,589824,320539.6675553797,0.5434496859323793
baseline,previous_same_cell,,,,all,4194304,2354455.8990030307,0.5613460299975945
baseline,previous_same_cell,,,,initial_cells,1179648,794621.099905681,0.6736086526706958
baseline,previous_same_cell,,,,evolved_cells,2977792,1559828.8006661998,0.5238206028715907
baseline,previous_same_cell,,,,delimiters,36864,5.998431146468526,0.0001627178587909214
baseline,previous_same_cell,,,,evolved_alive,764242,935659.8777011274,1.224297902629177
baseline,previous_same_cell,,,,evolved_dead,2213550,624168.922965074,0.28197642834590314
baseline,previous_same_cell,,,,frame_0_cells,1179648,794621.099905681,0.6736086526706958
baseline,previous_same_cell,,,,frame_1_cells,618496,372639.0728029838,0.6024922922751057
baseline,previous_same_cell,,,,frame_2_cells,589824,312753.8305315973,0.5302494142856129
baseline,previous_same_cell,,,,frame_3_cells,589824,300585.64919013804,0.5096192240229933
baseline,previous_same_cell,,,,frame_4_cells,589824,290693.0203039879,0.492847053195509
baseline,previous_same_cell,,,,frame_5_cells,589824,283157.2278374947,0.48007071234384274
baseline,same_cell_left_up,,,,all,4194304,2274298.153004921,0.5422349340927413
baseline,same_cell_left_up,,,,initial_cells,1179648,791503.8293128747,0.6709661096470089
baseline,same_cell_left_up,,,,evolved_cells,2977792,1482788.3252609002,0.4979489249957352
baseline,same_cell_left_up,,,,delimiters,36864,5.998431146468526,0.0001627178587909214
baseline,same_cell_left_up,,,,evolved_alive,764242,883101.3994950751,1.1555258668001434
baseline,same_cell_left_up,,,,evolved_dead,2213550,599686.9257658246,0.270916367719647
baseline,same_cell_left_up,,,,frame_0_cells,1179648,791503.8293128747,0.6709661096470089
baseline,same_cell_left_up,,,,frame_1_cells,618496,352042.48861070635,0.5691912132183657
baseline,same_cell_left_up,,,,frame_2_cells,589824,301139.8156735086,0.5105587695202444
baseline,same_cell_left_up,,,,frame_3_cells,589824,285376.0540376719,0.48383255689438187
baseline,same_cell_left_up,,,,frame_4_cells,589824,276631.1198417215,0.46900621175422075
baseline,same_cell_left_up,,,,frame_5_cells,589824,267598.8470972904,0.4536927068028605
reference,known_rule_reference,,,,all,4194304,794608.5093455459,0.1894494317401757
reference,known_rule_reference,,,,initial_cells,1179648,794608.509345546,0.6735979795206248
reference,known_rule_reference,,,,evolved_cells,2977792,0.0,0.0
reference,known_rule_reference,,,,delimiters,36864,0.0,0.0
reference,known_rule_reference,,,,evolved_alive,764242,0.0,0.0
reference,known_rule_reference,,,,evolved_dead,2213550,0.0,0.0
reference,known_rule_reference,,,,frame_0_cells,1179648,794608.509345546,0.6735979795206248
reference,known_rule_reference,,,,frame_1_cells,618496,0.0,0.0
reference,known_rule_reference,,,,frame_2_cells,589824,0.0,0.0
reference,known_rule_reference,,,,frame_3_cells,589824,0.0,0.0
reference,known_rule_reference,,,,frame_4_cells,589824,0.0,0.0
reference,known_rule_reference,,,,frame_5_cells,589824,0.0,0.0
checkpoint,gol_reset_seed0/warmup.pt,/scratch/project/prj-02-tg-llms-and-vlms/muhan/gol/runs/screen_warmup_lr1e4/gol_reset_seed0/warmup.pt,0,176,all,4194304,1727257.1761599167,0.41181020168302457
checkpoint,gol_reset_seed0/warmup.pt,/scratch/project/prj-02-tg-llms-and-vlms/muhan/gol/runs/screen_warmup_lr1e4/gol_reset_seed0/warmup.pt,0,176,initial_cells,1179648,780390.210087249,0.6615449778978552
checkpoint,gol_reset_seed0/warmup.pt,/scratch/project/prj-02-tg-llms-and-vlms/muhan/gol/runs/screen_warmup_lr1e4/gol_reset_seed0/warmup.pt,0,176,evolved_cells,2977792,946447.4987550164,0.3178353285773541
checkpoint,gol_reset_seed0/warmup.pt,/scratch/project/prj-02-tg-llms-and-vlms/muhan/gol/runs/screen_warmup_lr1e4/gol_reset_seed0/warmup.pt,0,176,delimiters,36864,419.46731765097775,0.011378779233153693
checkpoint,gol_reset_seed0/warmup.pt,/scratch/project/prj-02-tg-llms-and-vlms/muhan/gol/runs/screen_warmup_lr1e4/gol_reset_seed0/warmup.pt,0,176,evolved_alive,764242,494639.7483384833,0.6472292131791805
checkpoint,gol_reset_seed0/warmup.pt,/scratch/project/prj-02-tg-llms-and-vlms/muhan/gol/runs/screen_warmup_lr1e4/gol_reset_seed0/warmup.pt,0,176,evolved_dead,2213550,451807.75041653356,0.20411002706807327
checkpoint,gol_reset_seed0/warmup.pt,/scratch/project/prj-02-tg-llms-and-vlms/muhan/gol/runs/screen_warmup_lr1e4/gol_reset_seed0/warmup.pt,0,176,frame_0_cells,1179648,780390.210087249,0.6615449778978552
checkpoint,gol_reset_seed0/warmup.pt,/scratch/project/prj-02-tg-llms-and-vlms/muhan/gol/runs/screen_warmup_lr1e4/gol_reset_seed0/warmup.pt,0,176,frame_1_cells,618496,242778.44102462364,0.3925303332998494
checkpoint,gol_reset_seed0/warmup.pt,/scratch/project/prj-02-tg-llms-and-vlms/muhan/gol/runs/screen_warmup_lr1e4/gol_reset_seed0/warmup.pt,0,176,frame_2_cells,589824,193936.38458756125,0.32880382044060813
checkpoint,gol_reset_seed0/warmup.pt,/scratch/project/prj-02-tg-llms-and-vlms/muhan/gol/runs/screen_warmup_lr1e4/gol_reset_seed0/warmup.pt,0,176,frame_3_cells,589824,179355.64573147087,0.3040833294872214
checkpoint,gol_reset_seed0/warmup.pt,/scratch/project/prj-02-tg-llms-and-vlms/muhan/gol/runs/screen_warmup_lr1e4/gol_reset_seed0/warmup.pt,0,176,frame_4_cells,589824,167796.49059143162,0.284485695040269
checkpoint,gol_reset_seed0/warmup.pt,/scratch/project/prj-02-tg-llms-and-vlms/muhan/gol/runs/screen_warmup_lr1e4/gol_reset_seed0/warmup.pt,0,176,frame_5_cells,589824,162580.5368199293,0.27564245744481286
checkpoint,gol_reset_seed1/warmup.pt,/scratch/project/prj-02-tg-llms-and-vlms/muhan/gol/runs/screen_warmup_lr1e4/gol_reset_seed1/warmup.pt,1,176,all,4194304,1601544.3321792623,0.38183792404634054
checkpoint,gol_reset_seed1/warmup.pt,/scratch/project/prj-02-tg-llms-and-vlms/muhan/gol/runs/screen_warmup_lr1e4/gol_reset_seed1/warmup.pt,1,176,initial_cells,1179648,784740.8971851328,0.6652331010480523
checkpoint,gol_reset_seed1/warmup.pt,/scratch/project/prj-02-tg-llms-and-vlms/muhan/gol/runs/screen_warmup_lr1e4/gol_reset_seed1/warmup.pt,1,176,evolved_cells,2977792,814490.6181205888,0.2735216623997206
checkpoint,gol_reset_seed1/warmup.pt,/scratch/project/prj-02-tg-llms-and-vlms/muhan/gol/runs/screen_warmup_lr1e4/gol_reset_seed1/warmup.pt,1,176,delimiters,36864,2312.816873540496,0.06273917300185808
checkpoint,gol_reset_seed1/warmup.pt,/scratch/project/prj-02-tg-llms-and-vlms/muhan/gol/runs/screen_warmup_lr1e4/gol_reset_seed1/warmup.pt,1,176,evolved_alive,764242,419833.85668402514,0.5493467470827632
checkpoint,gol_reset_seed1/warmup.pt,/scratch/project/prj-02-tg-llms-and-vlms/muhan/gol/runs/screen_warmup_lr1e4/gol_reset_seed1/warmup.pt,1,176,evolved_dead,2213550,394656.76143656345,0.17829132454047275
checkpoint,gol_reset_seed1/warmup.pt,/scratch/project/prj-02-tg-llms-and-vlms/muhan/gol/runs/screen_warmup_lr1e4/gol_reset_seed1/warmup.pt,1,176,frame_0_cells,1179648,784740.8971851328,0.6652331010480523
checkpoint,gol_reset_seed1/warmup.pt,/scratch/project/prj-02-tg-llms-and-vlms/muhan/gol/runs/screen_warmup_lr1e4/gol_reset_seed1/warmup.pt,1,176,frame_1_cells,618496,213288.0705377488,0.34484955527238464
checkpoint,gol_reset_seed1/warmup.pt,/scratch/project/prj-02-tg-llms-and-vlms/muhan/gol/runs/screen_warmup_lr1e4/gol_reset_seed1/warmup.pt,1,176,frame_2_cells,589824,166110.3476285714,0.28162697284032423
checkpoint,gol_reset_seed1/warmup.pt,/scratch/project/prj-02-tg-llms-and-vlms/muhan/gol/runs/screen_warmup_lr1e4/gol_reset_seed1/warmup.pt,1,176,frame_3_cells,589824,154281.04335731882,0.26157132188130494
checkpoint,gol_reset_seed1/warmup.pt,/scratch/project/prj-02-tg-llms-and-vlms/muhan/gol/runs/screen_warmup_lr1e4/gol_reset_seed1/warmup.pt,1,176,frame_4_cells,589824,143811.95296415442,0.24382180610513376
checkpoint,gol_reset_seed1/warmup.pt,/scratch/project/prj-02-tg-llms-and-vlms/muhan/gol/runs/screen_warmup_lr1e4/gol_reset_seed1/warmup.pt,1,176,frame_5_cells,589824,136999.20363279534,0.23227132777370085
checkpoint,gol_reset_seed2/warmup.pt,/scratch/project/prj-02-tg-llms-and-vlms/muhan/gol/runs/screen_warmup_lr1e4/gol_reset_seed2/warmup.pt,2,176,all,4194304,1422237.8323729166,0.339087923138837
checkpoint,gol_reset_seed2/warmup.pt,/scratch/project/prj-02-tg-llms-and-vlms/muhan/gol/runs/screen_warmup_lr1e4/gol_reset_seed2/warmup.pt,2,176,initial_cells,1179648,781507.1474301061,0.6624918174151154
checkpoint,gol_reset_seed2/warmup.pt,/scratch/project/prj-02-tg-llms-and-vlms/muhan/gol/runs/screen_warmup_lr1e4/gol_reset_seed2/warmup.pt,2,176,evolved_cells,2977792,638063.3982958496,0.21427399841756897
checkpoint,gol_reset_seed2/warmup.pt,/scratch/project/prj-02-tg-llms-and-vlms/muhan/gol/runs/screen_warmup_lr1e4/gol_reset_seed2/warmup.pt,2,176,delimiters,36864,2667.286646961933,0.07235478100482674
checkpoint,gol_reset_seed2/warmup.pt,/scratch/project/prj-02-tg-llms-and-vlms/muhan/gol/runs/screen_warmup_lr1e4/gol_reset_seed2/warmup.pt,2,176,evolved_alive,764242,348006.8753969406,0.4553621436625318
checkpoint,gol_reset_seed2/warmup.pt,/scratch/project/prj-02-tg-llms-and-vlms/muhan/gol/runs/screen_warmup_lr1e4/gol_reset_seed2/warmup.pt,2,176,evolved_dead,2213550,290056.52289890894,0.13103680644164756
checkpoint,gol_reset_seed2/warmup.pt,/scratch/project/prj-02-tg-llms-and-vlms/muhan/gol/runs/screen_warmup_lr1e4/gol_reset_seed2/warmup.pt,2,176,frame_0_cells,1179648,781507.1474301061,0.6624918174151154
checkpoint,gol_reset_seed2/warmup.pt,/scratch/project/prj-02-tg-llms-and-vlms/muhan/gol/runs/screen_warmup_lr1e4/gol_reset_seed2/warmup.pt,2,176,frame_1_cells,618496,173900.50482066255,0.28116674128961633
checkpoint,gol_reset_seed2/warmup.pt,/scratch/project/prj-02-tg-llms-and-vlms/muhan/gol/runs/screen_warmup_lr1e4/gol_reset_seed2/warmup.pt,2,176,frame_2_cells,589824,128640.3736911134,0.2180995918970971
checkpoint,gol_reset_seed2/warmup.pt,/scratch/project/prj-02-tg-llms-and-vlms/muhan/gol/runs/screen_warmup_lr1e4/gol_reset_seed2/warmup.pt,2,176,frame_3_cells,589824,116855.16171714553,0.19811869594513876
checkpoint,gol_reset_seed2/warmup.pt,/scratch/project/prj-02-tg-llms-and-vlms/muhan/gol/runs/screen_warmup_lr1e4/gol_reset_seed2/warmup.pt,2,176,frame_4_cells,589824,111486.6797484729,0.18901685884004873
checkpoint,gol_reset_seed2/warmup.pt,/scratch/project/prj-02-tg-llms-and-vlms/muhan/gol/runs/screen_warmup_lr1e4/gol_reset_seed2/warmup.pt,2,176,frame_5_cells,589824,107180.67831845538,0.1817163735596642
